playerID,yearID,stint,teamID,lgID,G,AB,R,H,2B,3B,HR,RBI,SB,CS,BB,SO,IBB,HBP,SH,SF,GIDP
marisro01,1961,1,NYA,AL,161,590,132,159,16,4,61,142,0,0,94,67,0,7,0,7,16
mantlmi01,1961,1,NYA,AL,153,514,132,163,16,6,54,128,12,1,126,112,9,0,1,5,2
guerrvl02,2021,1,TOR,AL,161,604,123,188,29,1,48,111,4,1,86,110,7,6,0,2,20
perezsa02,2021,1,KCA,AL,161,620,88,169,24,0,48,121,1,0,28,170,4,13,0,4,14
cepedor01,1961,1,SFN,NL,152,585,105,182,28,4,46,142,12,8,39,91,11,9,0,3,21
gentiji01,1961,1,BAL,AL,148,486,96,147,25,2,46,141,1,1,96,106,5,11,0,8,12
killeha01,1961,1,MIN,AL,150,541,94,156,20,7,46,122,1,2,107,109,6,3,0,5,11
ohtansh01,2021,1,LAA,AL,158,537,103,138,26,8,46,100,26,10,96,189,20,4,0,2,7
colavro01,1961,1,DET,AL,163,583,129,169,30,2,45,140,1,2,113,75,2,2,2,8,14
semiema01,2021,1,TOR,AL,162,652,115,173,39,2,45,102,15,1,66,146,0,3,0,3,9
tatisfe02,2021,1,SDN,NL,130,478,99,135,31,0,42,97,25,4,62,153,6,2,0,4,5
cashno01,1961,1,DET,AL,159,535,119,193,22,8,41,132,11,5,124,85,19,9,2,2,16
mayswi01,1961,1,SFN,NL,154,572,129,176,32,3,40,123,18,9,81,77,15,2,0,4,14
hanigmi01,2021,1,SEA,AL,157,620,110,157,23,2,39,100,1,0,54,169,2,9,0,8,12
judgeaa01,2021,1,NYA,AL,148,550,89,158,24,0,39,98,6,1,75,158,2,3,0,5,16
lowebr01,2021,1,TBA,AL,149,535,97,132,31,0,39,99,7,1,68,167,4,9,0,3,2
olsonma02,2021,1,OAK,AL,156,565,101,153,35,0,39,111,4,1,88,113,12,9,0,11,17
becklja01,1898,1,CIN,NL,118,459,86,135,20,12,4,72,6,,28,27,,10,9,,
cooledu01,1898,1,PHI,NL,149,629,123,196,24,12,4,55,17,,48,38,,4,11,,
delahed01,1898,1,PHI,NL,144,548,115,183,36,9,4,92,58,,77,29,,11,4,,
greenda01,1898,1,CHN,NL,47,188,26,59,4,3,4,27,12,,7,14,,1,3,,
