season,round,pick,team,gsis_id,pfr_player_id,cfb_player_id,pfr_player_name,hof,position,category,side,college,age,to,allpro,probowls,seasons_started,w_av,car_av,dr_av,games,pass_completions,pass_attempts,pass_yards,pass_tds,pass_ints,rush_atts,rush_yards,rush_tds,receptions,rec_yards,rec_tds,def_solo_tackles,def_ints,def_sacks
1980,1,3,CIN,00-0011825,MunoAn00,,Anthony Munoz,TRUE,T,OL,O,USC,22,1992,9,11,12,138,,138,185,0,0,0,0,0,0,0,0,7,18,4,,,
1980,1,18,WAS,00-0011483,MonkAr00,art-monk-1,Art Monk,TRUE,WR,WR,O,Syracuse,22,1995,1,3,14,90,,88,224,1,2,46,0,0,63,332,0,940,12721,68,,,
1980,2,48,MIA,STE481338,StepDw00,,Dwight Stephenson,TRUE,C,OL,O,Alabama,22,1987,4,5,6,80,,80,114,0,0,0,0,0,0,0,0,0,0,0,,,
1980,3,73,NWE,00-0011001,McMiSt00,steve-mcmichael-1,Steve McMichael,TRUE,DT,DL,D,Texas,22,1994,2,2,11,100,,0,213,0,0,0,0,0,0,0,0,0,0,0,,2,95
1981,1,2,NYG,00-0016128,TaylLa00,lawrence-taylor-2,Lawrence Taylor,TRUE,LB,LB,D,North Carolina,22,1993,8,10,13,146,,146,184,0,0,0,0,0,0,0,0,0,0,0,,9,142
1981,1,4,SEA,EAS083058,EaslKe00,kenny-easley-1,Kenny Easley,TRUE,DB,DB,D,UCLA,22,1987,3,5,7,65,,65,89,0,0,0,0,0,0,0,0,0,0,0,,32,8
1981,1,5,STL,00-0008959,JuniE.00,,E.J. Junior,FALSE,LB,LB,D,Alabama,21,1993,1,2,9,59,,54,170,0,0,0,0,0,0,0,0,0,0,0,,12,36.5
1988,1,12,PHO,00-0007070,HarvKe00,,Ken Harvey,FALSE,LB,LB,D,California,23,1998,0,4,9,65,,22,164,0,0,0,0,0,0,0,0,0,0,0,,1,89
1995,1,3,HOU,00-0011024,McNaSt00,steve-mcnair-1,Steve McNair,FALSE,QB,QB,O,Alcorn St.,22,2007,0,3,10,99,,93,161,2733,4544,31304,174,119,669,3590,37,1,4,0,,,
1998,1,1,IND,00-0010346,MannPe00,peyton-manning-1,Peyton Manning,TRUE,QB,QB,O,Tennessee,22,2015,7,14,17,176,,147,266,6125,9380,71940,539,251,431,667,18,1,-2,0,,,
1998,1,2,SDG,00-0009715,LeafRy00,ryan-leaf-1,Ryan Leaf,FALSE,QB,QB,O,Washington St.,22,2001,0,0,1,1,,0,25,317,655,3666,14,36,59,127,0,0,0,0,,,
1998,1,3,ARI,00-0016976,WadsAn20,andre-wadsworth-1,Andre Wadsworth,FALSE,DE,DL,D,Florida St.,23,2000,0,0,2,12,,12,36,0,0,0,0,0,0,0,0,0,0,0,82,1,8
2001,1,20,STL,00-0020521,ArchAd20,adam-archuleta-1,Adam Archuleta,FALSE,DB,DB,D,Arizona St.,23,2007,0,0,7,31,,26,103,0,0,0,0,0,0,0,0,0,0,0,453,4,18
2002,1,1,HOU,00-0020608,CarrDa00,david-carr-1,David Carr,FALSE,QB,QB,O,Fresno St.,23,2012,0,0,5,45,,42,94,1353,2267,14452,65,71,305,1328,9,0,0,0,,,
2020,1,12,LVR,00-0036357,RuggHe00,henry-ruggs-iii-1,Henry Ruggs III,FALSE,WR,WR,O,Alabama,21,2021,0,0,1,8,,8,20,0,0,0,0,0,12,65,0,50,921,4,,,
2020,1,19,LVR,00-0036359,ArneDa00,damon-arnette-1,Damon Arnette,FALSE,CB,DB,D,Ohio St.,24,2025,0,0,0,2,,2,15,0,0,0,0,0,0,0,0,0,0,0,26,,
